id,app,category,rating,helpful_votes,date,verified_purchase,review
10,Miro,collaborative whiteboard,3,45,2024-08-03,True,"Works fine — nothing remarkable, nothing broken."
11,Miro,collaborative whiteboard,4,34,2024-07-28,True,Screener templates saved me from writing survey questions from scratch. I can tag clips without leaving the playback view.
14,Miro,collaborative whiteboard,4,46,2024-11-27,True,One-click export to Notion is a feature I use every week. I was running my first study within 20 minutes of signing up.
20,Miro,collaborative whiteboard,5,27,2024-09-13,False,Bulk-tagging across sessions is a huge time saver.
22,Miro,collaborative whiteboard,5,37,2023-01-22,True,CSV export includes everything I need for further analysis. Recording quality is excellent even on slow connections.
26,Miro,collaborative whiteboard,4,43,2023-02-25,True,Video clips export cleanly with timecodes intact.
48,Miro,collaborative whiteboard,3,19,2023-12-25,False,Good enough for most projects but I always end up exporting to a spreadsheet anyway.
58,Miro,collaborative whiteboard,5,43,2024-03-28,True,GPS tagging for field observations is exactly what I needed.
59,Miro,collaborative whiteboard,5,32,2023-10-18,True,Custom fields on participants let me filter by screener criteria.
65,Miro,collaborative whiteboard,5,27,2024-05-31,False,The voice memo feature captures context I'd otherwise lose. One-click export to Notion is a feature I use every week.
72,Miro,collaborative whiteboard,5,34,2024-09-29,True,Smart folders auto-populate based on tags — surprisingly powerful.
73,Miro,collaborative whiteboard,5,11,2024-04-17,True,I was running my first study within 20 minutes of signing up. The highlight reel feature is genuinely useful for presentations.
74,Miro,collaborative whiteboard,4,16,2024-03-07,False,PDF reports look professional enough to share with executives. GPS tagging for field observations is exactly what I needed.
75,Miro,collaborative whiteboard,1,14,2023-12-25,True,I've lost tags twice after a session due to a sync issue.
77,Miro,collaborative whiteboard,5,23,2023-09-20,True,The mobile app doesn't crash when I switch between apps mid-session.
81,Miro,collaborative whiteboard,5,26,2023-01-13,False,Session recordings sync instantly — no waiting around.
85,Miro,collaborative whiteboard,4,21,2023-09-22,True,PDF reports look professional enough to share with executives. Bulk-tagging across sessions is a huge time saver.
89,Miro,collaborative whiteboard,5,16,2023-11-10,True,GPS tagging for field observations is exactly what I needed. PDF reports look professional enough to share with executives.
91,Miro,collaborative whiteboard,4,12,2023-04-13,True,The voice memo feature captures context I'd otherwise lose.
95,Miro,collaborative whiteboard,4,15,2023-03-29,True,Works offline and syncs when I get back to WiFi — essential for fieldwork. Template library covers most of my research formats out of the box.
96,Miro,collaborative whiteboard,5,28,2024-04-06,True,Being able to link observations to specific interview questions is great. Battery drain is reasonable even during long observation sessions.
99,Miro,collaborative whiteboard,5,4,2024-04-09,True,PDF reports look professional enough to share with executives. Permissions are granular enough that clients can view but not edit.
103,Miro,collaborative whiteboard,2,16,2024-09-10,True,Storage limits hit quickly when you're recording long sessions.
111,Miro,collaborative whiteboard,2,35,2023-11-15,True,The browser extension stops recording silently sometimes.
112,Miro,collaborative whiteboard,2,9,2024-10-25,True,Storage limits hit quickly when you're recording long sessions.
115,Miro,collaborative whiteboard,4,37,2023-11-02,True,Being able to link observations to specific interview questions is great. Recording quality is excellent even on slow connections.
116,Miro,collaborative whiteboard,5,35,2023-12-07,False,One-click export to Notion is a feature I use every week.
117,Miro,collaborative whiteboard,4,36,2023-09-02,True,Sharing clips with stakeholders takes about 30 seconds.
118,Miro,collaborative whiteboard,1,41,2024-11-10,False,"The difference between clips, highlights, and moments isn't obvious at first."
119,Miro,collaborative whiteboard,5,6,2023-12-06,False,Searching by tag across projects actually works reliably.
120,Miro,collaborative whiteboard,2,41,2024-02-24,False,The tag hierarchy system takes a few sessions to really click.
127,Miro,collaborative whiteboard,5,18,2024-04-21,True,PDF reports look professional enough to share with executives.
129,Miro,collaborative whiteboard,5,44,2023-10-30,True,Being able to rewatch sessions at 1.5x speed has saved me hours. One-click export to Notion is a feature I use every week.
130,Miro,collaborative whiteboard,4,18,2024-05-23,False,Works offline and syncs when I get back to WiFi — essential for fieldwork.
136,Miro,collaborative whiteboard,5,34,2023-09-28,True,Being able to link observations to specific interview questions is great. CSV export includes everything I need for further analysis.
139,Miro,collaborative whiteboard,5,31,2023-11-08,True,Real-time co-editing on affinity diagrams is surprisingly smooth. The session recording is crisp and easy to scrub through.
152,Miro,collaborative whiteboard,2,8,2023-03-09,True,No way to pay monthly — annual commitment only is a dealbreaker for some.
156,Miro,collaborative whiteboard,4,4,2024-04-30,True,Permissions are granular enough that clients can view but not edit.
166,Miro,collaborative whiteboard,4,43,2023-10-18,True,Being able to link observations to specific interview questions is great. CSV export includes everything I need for further analysis.
167,Miro,collaborative whiteboard,4,13,2023-01-08,True,My whole team can comment on the same session without chaos. I was running my first study within 20 minutes of signing up.
171,Miro,collaborative whiteboard,4,39,2023-06-25,True,CSV export includes everything I need for further analysis.
176,Miro,collaborative whiteboard,4,41,2024-08-01,True,The voice memo feature captures context I'd otherwise lose.
191,Miro,collaborative whiteboard,3,30,2023-11-13,False,"Works fine — nothing remarkable, nothing broken."
193,Miro,collaborative whiteboard,5,16,2023-05-22,True,Custom fields on participants let me filter by screener criteria.
194,Miro,collaborative whiteboard,5,7,2024-06-12,True,Works offline and syncs when I get back to WiFi — essential for fieldwork.
198,Miro,collaborative whiteboard,5,5,2023-01-06,True,Tag hierarchies let me keep themes organized across a whole study.
204,Miro,collaborative whiteboard,1,22,2023-03-11,True,Documentation for advanced filtering could be much clearer. No way to pay monthly — annual commitment only is a dealbreaker for some.
206,Miro,collaborative whiteboard,5,45,2023-03-06,False,The highlight reel feature is genuinely useful for presentations.
207,Miro,collaborative whiteboard,1,20,2023-02-12,False,Loading large projects takes noticeably longer than it used to.
210,Miro,collaborative whiteboard,4,33,2024-01-12,True,Tag hierarchies let me keep themes organized across a whole study.
218,Miro,collaborative whiteboard,4,39,2023-08-08,True,Works offline and syncs when I get back to WiFi — essential for fieldwork. Real-time co-editing on affinity diagrams is surprisingly smooth.
219,Miro,collaborative whiteboard,3,28,2023-03-17,True,Solid core product with rough edges in the advanced workflows.
220,Miro,collaborative whiteboard,5,35,2023-03-08,True,The timeline view across a research program is genuinely useful.
232,Miro,collaborative whiteboard,2,29,2024-05-10,True,Jumping from the free tier to paid is a significant cost jump.
235,Miro,collaborative whiteboard,5,20,2023-06-13,False,The highlight reel feature is genuinely useful for presentations.
246,Miro,collaborative whiteboard,5,41,2023-09-29,False,Project folders keep multi-phase studies manageable.
254,Miro,collaborative whiteboard,4,18,2023-10-08,True,The guest access feature is perfect for external stakeholders.
259,Miro,collaborative whiteboard,2,26,2023-06-11,True,Loading large projects takes noticeably longer than it used to.
260,Miro,collaborative whiteboard,4,41,2023-04-02,True,Bulk-tagging across sessions is a huge time saver. Project folders keep multi-phase studies manageable.
265,Miro,collaborative whiteboard,5,43,2024-08-04,False,The onboarding checklist is paced well — not overwhelming. Permissions are granular enough that clients can view but not edit.
272,Miro,collaborative whiteboard,5,30,2024-07-16,False,GPS tagging for field observations is exactly what I needed.
276,Miro,collaborative whiteboard,5,36,2024-04-12,True,The highlight reel feature is genuinely useful for presentations.
277,Miro,collaborative whiteboard,5,4,2024-08-15,True,My whole team can comment on the same session without chaos. Being able to rewatch sessions at 1.5x speed has saved me hours.
279,Miro,collaborative whiteboard,3,46,2024-10-18,True,Solid core product with rough edges in the advanced workflows.
280,Miro,collaborative whiteboard,4,24,2024-01-22,True,Video clips export cleanly with timecodes intact.
286,Miro,collaborative whiteboard,4,8,2023-02-27,True,The mobile app doesn't crash when I switch between apps mid-session.
293,Miro,collaborative whiteboard,3,41,2023-12-05,True,"Works fine — nothing remarkable, nothing broken."
294,Miro,collaborative whiteboard,5,3,2023-07-15,True,Session recordings sync instantly — no waiting around.
297,Miro,collaborative whiteboard,5,15,2024-02-11,True,The help docs are actually written by people who do research.
299,Miro,collaborative whiteboard,5,14,2024-07-30,False,Sharing clips with stakeholders takes about 30 seconds. Works offline and syncs when I get back to WiFi — essential for fieldwork.
302,Miro,collaborative whiteboard,4,10,2024-04-16,False,Template library covers most of my research formats out of the box. Video clips export cleanly with timecodes intact.
311,Miro,collaborative whiteboard,4,5,2023-06-25,True,CSV export includes everything I need for further analysis.
312,Miro,collaborative whiteboard,5,33,2023-04-08,False,The guest access feature is perfect for external stakeholders.
319,Miro,collaborative whiteboard,4,39,2023-03-29,True,The help docs are actually written by people who do research.
326,Miro,collaborative whiteboard,4,16,2024-01-05,False,Real-time co-editing on affinity diagrams is surprisingly smooth.
327,Miro,collaborative whiteboard,5,21,2024-02-10,False,Tag hierarchies let me keep themes organized across a whole study. CSV export includes everything I need for further analysis.
328,Miro,collaborative whiteboard,5,19,2023-05-20,True,Real-time co-editing on affinity diagrams is surprisingly smooth. Being able to link observations to specific interview questions is great.
330,Miro,collaborative whiteboard,5,7,2024-01-09,False,Custom fields on participants let me filter by screener criteria. Real-time co-editing on affinity diagrams is surprisingly smooth.
332,Miro,collaborative whiteboard,5,26,2023-03-12,True,Tag hierarchies let me keep themes organized across a whole study.
337,Miro,collaborative whiteboard,5,32,2023-08-16,False,Real-time co-editing on affinity diagrams is surprisingly smooth. Recording quality is excellent even on slow connections.
343,Miro,collaborative whiteboard,5,40,2023-07-10,True,Tag hierarchies let me keep themes organized across a whole study.
344,Miro,collaborative whiteboard,1,24,2024-03-15,True,The browser extension stops recording silently sometimes.
347,Miro,collaborative whiteboard,4,25,2024-09-17,True,Template library covers most of my research formats out of the box.
353,Miro,collaborative whiteboard,4,36,2023-03-26,True,Smart folders auto-populate based on tags — surprisingly powerful.
355,Miro,collaborative whiteboard,4,2,2024-07-09,False,Session recordings sync instantly — no waiting around. Template library covers most of my research formats out of the box.
356,Miro,collaborative whiteboard,4,15,2024-10-31,True,CSV export includes everything I need for further analysis.
361,Miro,collaborative whiteboard,5,15,2023-05-16,True,Sharing clips with stakeholders takes about 30 seconds.
363,Miro,collaborative whiteboard,4,44,2023-10-12,False,The session recording is crisp and easy to scrub through.
368,Miro,collaborative whiteboard,3,41,2023-05-16,True,Setup was smooth; ongoing use has revealed some rough edges.
371,Miro,collaborative whiteboard,1,44,2024-03-08,True,No built-in way to generate a structured debrief template from tags.
379,Miro,collaborative whiteboard,5,23,2023-01-13,False,Session recordings sync instantly — no waiting around.
381,Miro,collaborative whiteboard,5,13,2023-09-26,True,Project folders keep multi-phase studies manageable. The session recording is crisp and easy to scrub through.
388,Miro,collaborative whiteboard,4,40,2024-08-13,True,Recording quality is excellent even on slow connections.
389,Miro,collaborative whiteboard,4,23,2023-06-20,True,Automatic session indexing makes it easy to find key moments.
391,Miro,collaborative whiteboard,4,35,2023-02-06,False,I can tag clips without leaving the playback view.
392,Miro,collaborative whiteboard,3,46,2024-03-02,True,"Works fine — nothing remarkable, nothing broken."
396,Miro,collaborative whiteboard,5,15,2024-07-13,True,Custom fields on participants let me filter by screener criteria.
397,Miro,collaborative whiteboard,1,21,2023-01-10,True,Undo doesn't work in the affinity diagram view — a real problem.
398,Miro,collaborative whiteboard,5,31,2024-03-05,False,Template library covers most of my research formats out of the box. The mobile app doesn't crash when I switch between apps mid-session.
401,Miro,collaborative whiteboard,2,15,2023-05-14,True,I've lost tags twice after a session due to a sync issue.
410,Miro,collaborative whiteboard,5,36,2023-06-22,True,Recording quality is excellent even on slow connections. Works offline and syncs when I get back to WiFi — essential for fieldwork.
411,Miro,collaborative whiteboard,4,17,2023-10-09,True,Video clips export cleanly with timecodes intact. I can tag clips without leaving the playback view.
414,Miro,collaborative whiteboard,5,22,2024-05-11,False,Real-time co-editing on affinity diagrams is surprisingly smooth.
416,Miro,collaborative whiteboard,4,6,2023-06-13,True,Being able to link observations to specific interview questions is great.
418,Miro,collaborative whiteboard,4,37,2024-01-03,True,Custom fields on participants let me filter by screener criteria. GPS tagging for field observations is exactly what I needed.
431,Miro,collaborative whiteboard,5,34,2023-12-26,True,Video clips export cleanly with timecodes intact.
432,Miro,collaborative whiteboard,5,1,2023-10-29,True,The mobile app doesn't crash when I switch between apps mid-session. The session recording is crisp and easy to scrub through.
435,Miro,collaborative whiteboard,3,13,2023-12-06,False,Good for solo researchers but team features need more polish.
436,Miro,collaborative whiteboard,5,6,2023-09-01,True,The help docs are actually written by people who do research. Permissions are granular enough that clients can view but not edit.
440,Miro,collaborative whiteboard,3,11,2024-01-14,True,The fundamentals are strong; the extras feel half-finished.
443,Miro,collaborative whiteboard,5,36,2024-05-01,False,One-click export to Notion is a feature I use every week.
444,Miro,collaborative whiteboard,4,36,2024-06-13,True,CSV export includes everything I need for further analysis.
454,Miro,collaborative whiteboard,5,41,2024-09-11,True,Permissions are granular enough that clients can view but not edit.
455,Miro,collaborative whiteboard,3,33,2024-05-11,False,The fundamentals are strong; the extras feel half-finished.
460,Miro,collaborative whiteboard,5,1,2023-10-19,True,Permissions are granular enough that clients can view but not edit. CSV export includes everything I need for further analysis.
464,Miro,collaborative whiteboard,5,25,2024-09-30,True,PDF reports look professional enough to share with executives. The guest access feature is perfect for external stakeholders.
472,Miro,collaborative whiteboard,2,43,2023-07-07,False,The Figma integration is read-only; I can't push annotations back.
476,Miro,collaborative whiteboard,4,8,2023-06-04,False,CSV export includes everything I need for further analysis.
480,Miro,collaborative whiteboard,1,20,2023-01-15,False,The browser extension stops recording silently sometimes.
492,Miro,collaborative whiteboard,5,5,2024-11-18,False,Screener templates saved me from writing survey questions from scratch. The session recording is crisp and easy to scrub through.
498,Miro,collaborative whiteboard,5,7,2023-06-20,True,Video clips export cleanly with timecodes intact.
